verb,overall_occurrences,Levin_classes,simple_sel,pmw_count,number_withOUT_obj,objectless_sentences,percent_implicit_obj,sents_WITH_obj,most_common_objs,number_with_obj
hate,2.0,"admire(Psych-Verbs),",0.5,244,0.0,[],0.0,"[I hate USPS.""
 , I grew to really hate them.]","usps(1),-PRON-(1),",2.0
enjoy,1.0,"admire(Psych-Verbs),",,122,1.0,[find something you enjoy.],1.0,[],,0.0
hide,1.0,"conceal(Verbs of Concealment),",1.0,122,0.0,[],0.0,"[""Sounds like Grandma wasn't crazy for hiding money in her couch after all. ""
 ]","money(1),",1.0
call,5.0,"get(Verbs of Change of Possession),",1.0,610,3.0,"[I hope this is a wake up call for them, You can call at (914) 288-6023 and fax at (866) 314-9739., Cost to ship for the padded envelope ranges $1.69 to $1.86 and comes with free Delivery Confirmation service  same rate to ALL ZONES, including Alaska and Hawaii, with no bullshit distinction between so-called 'Business' and 'Residential' addresses.]",0.75,"[""Well, since you rhetorically called me a 5 year old and an ass now, I think I can savely say, you are not the most diplomatic person either.]","-PRON-(1),",1.0
hurt,1.0,"amuse(Psych-Verbs),",1.0,122,0.0,[],0.0,"[""You didn't make me feel bad or hurt my feelings.]","feeling(1),",1.0
work,22.0,"knead(Verbs of Creation and Transformation),",,2684,20.0,"[you want to work in., And seriously, I work as an engineer, if I got you, or someone similar, as a supervisor or someone that I'd have to give answers to, I would flat out quit., I work in a company that values experiance and skill, so I'm quite fine there., ""I work with HolacracyOne, the company behind Holacracy., You also need to find a way to make it work., Seeing as how I don't work with you I don't have to pull punches or try to manage you., I work at UPS and we put high priority on postal because it's a huge government contract""
 , ""We pride ourselves in taking care of our customers; whether it is a single bouquet, a vase from our gift shop or an entire weddings worth of flowers, it's our pleasure to work with you., if it works for one person, it probably works for many people., if it works for one person, it probably works for many people., i am just saying, spamming worked for zuckerberg -- who was simply trying to crete an \""online yearbook\"", reference to my opinion about \""higher education\"": it only makes sense if it's essentially free, as it should be.), Source: my wife is going on unemployment, even though she was going to stop working soon anyways, as a fuck you to her old boss/owner of the business.""
  , I would take the bus to work., Second, you must gain the trust and confidence of those who are senior to you in the organization that you work in., This is not easy and requires a lot of time and dedication to make it work., ""It makes me cringe to think that somewhere out there there are people working for basically slave wages so that Americans can have cheap hourglasses for our Boggle games.""
  , ""
 I worked for a retailer that had an eBay store and we sold like 20% of items at a small loss or no profit. ""
  , Saying that the Chinese are working for \""slave wages\"" is akin to saying that Americans are working for \""slave wages\"" because factory work in Norway pays $40/hour minimum., Saying that the Chinese are working for \""slave wages\"" is akin to saying that Americans are working for \""slave wages\"" because factory work in Norway pays $40/hour minimum., They come to the USA illegally, work for a few years to save up as much money as possible, and then go back to their countries....  ]",1.0,[],,0.0
give,15.0,"give(Verbs of Change of Possession),",0.2,1830,1.0,[You're not giving best buy your ssn when you buy a 5K tv],0.09090909090909091,"[And seriously, I work as an engineer, if I got you, or someone similar, as a supervisor or someone that I'd have to give answers to, I would flat out quit., There is quite a bit more to it than what you can read in the news article... in case you wanna learn more, we give a free webinar on Jan 9 that clarifies.
 , They just never seemed to give a fuck about anything other than their own advantage., ""I hope that this nonsense about \""you're not truly American/Canadian/etc until you give up your original citizenship\"" will eventually go away.
 , ""That's particularly stupid, because giving up your original citizenship doesn't immediately change your opinions about your original country., If* you were an evil agent of that country, bent on destroying the US, you'd just give up your citizenship to that country, technically, in order to serve your goals., ""To clarify, providing free shipping automatically gives the seller a 5 star rating in the \""shipping\"" section of the feedback evaluation. ""
  , They want you to fill out surveys and give them good ratings., Any time you buy on credit, you need to give the lender your SS for this reason., If those of you who downvoted me understood that I was being sarcastic, please give me a compelling case for consumer 3D printing being a disruptive technology.]","rating(2),citizenship(2),ss(1),fuck(1),clarify(1),citizenship\(1),case(1),answer(1),",10.0
provide,6.0,"fulfilling(Verbs of Change of Possession),",0.25,732,1.0,"[In fact, many of the workers who have these factory jobs pay enough not just to provide for themselves, but also for their extended families.]",0.2,"[""We've assembled the brightest and most qualified team of  team of healthcare real estate professionals to provide unparalleled service to the physicians, healthcare executives and investors who serve the healthcare needs of residents of Florida. ""
  , Arkk Solutions provides remarkable modified solutions for your financial data for you to change your statutory accounts into ixbrl., We provide affordable limousines for all occasions and events., ""To clarify, providing free shipping automatically gives the seller a 5 star rating in the \""shipping\"" section of the feedback evaluation. ""
  ]","solution(1),shipping(1),service(1),limousine(1),",4.0
purchase,2.0,"obtain(Verbs of Change of Possession),",,244,1.0,[to purchase whatever the website is selling.],1.0,[],,0.0
order,1.0,"get(Verbs of Change of Possession),",,122,1.0,"[the best was when this company selling fake goods shipped me a jersey 2 months late, and tried to blame it on Hurricane Sandy, even though the hurricane was before I ordered.]",1.0,[],,0.0
fix,2.0,"preparing(Verbs of Creation and Transformation),",1.0,244,0.0,[],0.0,"[""Google wantrepreneur and see how much of those traits you can identify with and how to fix them.]","-PRON-(1),",1.0
break,2.0,"cheat(Verbs of Removing),break(Verbs of Change of State),",,244,1.0,[I don't think Fedex or UPS offer Amazon the ability to pick up and deliver on the same day like the couriers do which I suspect is what sparked their move to break away from a UPS-only contract and move to multiple carriers.],1.0,[],,0.0
serve,5.0,"give(Verbs of Change of Possession),fulfilling(Verbs of Change of Possession),",0.5,610,1.0,"[We switched to UPS, who were so crassly self-serving]",0.3333333333333333,"[""We've assembled the brightest and most qualified team of  team of healthcare real estate professionals to provide unparalleled service to the physicians, healthcare executives and investors who serve the healthcare needs of residents of Florida. ""
  , If* you were an evil agent of that country, bent on destroying the US, you'd just give up your citizenship to that country, technically, in order to serve your goals.]","need(1),goal(1),",2.0
matter,3.0,"appeal(Psych-Verbs),",,366,3.0,"[We are a highly focused and specialized team of investment, marketing, leasing and management professionals at your full disposal so you can focus on what matters most. ""
  , But for Federal Reserve, they can screw up the economy, but anyone can do that, duel citizenship wouldn't matter. ""
  , Going to a big corporation it wouldn't matter if you are God, if they hire you to open the door for the janitor that's the cookie cutter you fit into.
 ]",1.0,[],,0.0
mind,1.0,"marvel(Psych-Verbs),",,122,1.0,"[, I don't mind that the service wasn't stellar.]",1.0,[],,0.0
watch,5.0,"sight(Verbs of Perception),search(Verbs of Searching),",0.2,610,0.0,[],0.0,"[If you just want to get rich then I don't really have any advice for you, justget a job or watch Glengarry Glenross or something., ""Please watch Last Train Home., After you watch it, read the film updates/etc., ""I watch this sub to learn about business to avoid just that., I will definitely watch this.]","this(1),sub(1),home(1),glenross(1),-PRON-(1),",5.0
wear,1.0,"wipe(Verbs of Removing),",,122,1.0,"[they just last longer and don't rip/wear out fast.
 ]",1.0,[],,0.0
improve,2.0,"other change-of-state(Verbs of Change of State),",1.0,244,1.0,[keep improving whatever it is you are doing.],0.5,[find a way to improve it for one person.],"-PRON-(1),",1.0
trust,1.0,"fulfilling(Verbs of Change of Possession),admire(Psych-Verbs),",1.0,122,0.0,[],0.0,"[I trust them more than my own bank""
  ""Regular retail stores use this model as well.""
  ]","-PRON-(1),",1.0
make,44.0,"build(Verbs of Creation and Transformation),",0.25,5368,14.0,"[(I pretty much *only* order stuff either next-day or same-day, which is what makes Prime worth the cost)  , That makes me someone who does not have to deal with \""oh, Well to be fair, I also don't have children, which makes me mobil...., Thing is, what I wrote should not make you feel bad., You also need to find a way to make it work., ""You didn't make me feel bad or hurt my feelings., Understanding what drives a brand, and how to use the true customer experience (in-the-moment) will make good companies GREAT and GREAT companies EXCEPTIONAL!, ""The obvious strategy to sell anything online is to have a catchy online presence such as a website/webpage made., The more people you sign up and the more people they sign up, the more money you make., ""pretty common practice to build seller rating""
 Aside from the general psychological effect of making the seller more appealing/trustworthy to buyers, are there any concrete benefits of such a practice, such as a ranking boost akin to search engine optimization for example?, This is not easy and requires a lot of time and dedication to make it work., ""It makes me cringe to think that somewhere out there there are people working for basically slave wages so that Americans can have cheap hourglasses for our Boggle games.""
  , Does that make you cringe?, but i was afraid he might try something like this""
  ""Wait, where do you get American-made clothing?]",0.4117647058823529,"[Anyone technical might write you off, if you make the comparison., You can't make ie to upper management or mid level management without a good team and learning from them., That little word \""should\"" makes all the difference., if you spam a lot, you might make a billion dollars like zuckerberg., i am just saying, spamming worked for zuckerberg -- who was simply trying to crete an \""online yearbook\"", reference to my opinion about \""higher education\"": it only makes sense if it's essentially free, as it should be.), Make your reservation now for a care free travel experience! ""
  , ""Motonews.ru -   ,      ,   , ,      ""[How to Make Money on YouTube by Selling Your ""[How to Make Money Online through Affiliate, ""Motonews.ru -   ,      ,   , ,      ""[How to Make Money on YouTube by Selling Your ""[How to Make Money Online through Affiliate, ""It is a pyramid scheme because to make any money, you've got to sign other people up., To make more money, they have to sign people up., It will make money for you in the short term, but the amount of money made is nowhere near the effort you have to put in to get it., It will make money for you in the short term, but the amount of money made is nowhere near the effort you have to put in to get it., In fact, if you put just as much effort into bettering yourself or into a real job, you'll make more and get more out of life., ""As a former farm kid that has seen a lot of success, let me make a farm analogy for you., So I usually buy Union mad American made goods., I don't consider my $30/hr to be slave labor, even knowing that in Norway a factory worker like me is making $40/hr.
  , ""I buy through the United Steelworker's online clothes shop, which guarantees to only sell union-American made products., They are there to make as much money as the can., I never buy anything online unless I can make a purchase through paypal., That means a single worker can make 240+ an hour... if they profit 25 cents each, that means that worker is producing $60 an hour profit.
  ]","money(5),online(2),sense(1),reservation(1),purchase(1),product(1),more(1),ie(1),good(1),dollar(1),difference(1),comparison(1),analogy(1),40/hr(1),240(1),",20.0
hand,1.0,"send(Verbs of Sending and Carrying),",,122,1.0,"[""It probably takes a grand total of 15 seconds to hand assemble one of these things.]",1.0,[],,0.0
spread,1.0,"spray/load(Verbs of Putting),",,122,1.0,"[""Per capita is an average spread across an entire population.]",1.0,[],,0.0
save,3.0,"get(Verbs of Change of Possession),",1.0,366,0.0,[],0.0,"[They save up enough money to buy houses back home, put their kids through university, etc., They come to the USA illegally, work for a few years to save up as much money as possible, and then go back to their countries....  ]","money(2),",2.0
post,6.0,"send(Verbs of Sending and Carrying),",0.667,732,2.0,"[""Wobees offers free classified posting in UAE and its local area including Dubai, Abu Dhabi and Al Ain.
  , ""First, you have a bit of a good start by simply having the incentive to post here.]",0.4,"[""Why do people think /r/business it the place to post political blogspam tangentially related to business?""
  , Some will ask for it until you post a good rating., Some have gone as far as offering a refund or discount on the product after you post a good rating for the seller and product.
  ]","rating(2),blogspam(1),",3.0
hear,1.0,"see(Verbs of Perception),",1.0,122,0.0,[],0.0,"[I have read hundreds of articles on it and have yet to hear one.""
  ]","one(1),",1.0
toss,1.0,"throw(Verbs of Throwing),preparing(Verbs of Creation and Transformation),",1.0,122,0.0,[],0.0,"[""
 Time to toss you and rest of the shills outta here!""
 ]","-PRON-(1),",1.0
ship,8.0,"send(Verbs of Sending and Carrying),",0.5,976,2.0,"[""And Folks, this is why I try to get my presents shipped a week earlier than Christmas or even sooner., Cost to ship for the padded envelope ranges $1.69 to $1.86 and comes with free Delivery Confirmation service  same rate to ALL ZONES, including Alaska and Hawaii, with no bullshit distinction between so-called 'Business' and 'Residential' addresses.]",0.25,"[Do you only ship very small lightweight items?, ""I'm guessing you ship really small packages?, It costs me $9.88 to ship a 2lb package to a residence on the west coast with USPS and $8.75 with FedEx., I ship about 2000 packages a week.
 , If you ship 1000 orders you would need at least 2 of them to go missing to recoup your cost., the best was when this company selling fake goods shipped me a jersey 2 months late, and tried to blame it on Hurricane Sandy, even though the hurricane was before I ordered.]","package(3),order(1),item(1),-PRON-(1),",6.0
liquidate,1.0,"murder(Verbs of Killing),",1.0,122,0.0,[],0.0,"[They might just be using it to build reputation, or even liquidating an over supply.]","supply(1),",1.0
push,1.0,"funnel(Verbs of Putting),carry(Verbs of Sending and Carrying),",,122,1.0,"[""obviouse add, don't fall for it, the company pushed looks a bit scamy as well.""
 ]",1.0,[],,0.0
charge,1.0,"equip(Verbs of Change of Possession),",1.0,122,0.0,[],0.0,"[It's the same as First Class, they just charge more for it.. unless you have a very heavy shipment which can fit inside a flat-rate mailer, then it pays.]","more(1),",1.0
leave,6.0,"fulfilling(Verbs of Change of Possession),get(Verbs of Change of Possession),keep(Hold and Keep Verbs),inherently directed motion(Verbs of Motion),",0.5,732,2.0,"[""  I've had $1000+ packages left on my porch with no knock on the door by UPS., ""Because when a company takes money out of an employees check for unemployment it belongs to the employee even after they leave.
  ]",0.3333333333333333,"[I've $500 Signature on Delivery items left at my door (value declared), and I've $5 non-signature items that they'd refuse to leave at the door., I've $500 Signature on Delivery items left at my door (value declared), and I've $5 non-signature items that they'd refuse to leave at the door., The local USPS location where I mailed it from pretty much offered no help and left me on my own to figure out to threaten to file a claim.
 , Go report their harassment to paypal and ebay, and leave a bad review.""
 ]","that(2),review(1),-PRON-(1),",4.0
settle,1.0,"spray/load(Verbs of Putting),",,122,1.0,[already we settled on only having to pay for half the order.],1.0,[],,0.0
appeal,1.0,"appeal(Psych-Verbs),",,122,1.0,"[""
  ""USPS needs to get lobbyists, and also appeal to citizen's patriotism via a concerted small business campaign.]",1.0,[],,0.0
change,4.0,"exchange(Verbs of Change of Possession),turn(Verbs of Creation and Transformation),other change-of-state(Verbs of Change of State),",0.25,488,0.0,[],0.0,"[""Decide first if you want to get rich any old how, or if you want to create a startup that seeks to change the world., Arkk Solutions provides remarkable modified solutions for your financial data for you to change your statutory accounts into ixbrl., ""That's particularly stupid, because giving up your original citizenship doesn't immediately change your opinions about your original country., They quickly changed their mind when the media ran stories of a bunch of people who had their cards copied.
  ]","world(1),opinion(1),mind(1),account(1),",4.0
love,3.0,"admire(Psych-Verbs),",1.0,366,1.0,[I'd love to learn more.],0.5,"[I love documentaries so much.""]","documentary(1),",1.0
visit,5.0,"meet(Verbs of Social Interaction),",0.5,610,1.0,"[For more details, visit]",0.2,"[For information on best quality of Control Pest please visit www.pestcontrolindia.com., For more details about Commercial Pest Control in India please visit www.pestcontrolindia.com., As long as I generally don't need to visit an actual brickmortar post office itself, which feels akin to perhaps buying a loaf of bread in the former Soviet Union, all is well., When you have such a website, you need to get lots of people to visit it (get traffic for the site).]","www.pestcontrolindia.com(2),office(1),-PRON-(1),",4.0
can,52.0,"pocket(Verbs of Putting),",,6344,43.0,"[What can you actually do ?, Degree in marketing and managment, so.... what can you do ?, So you can be rich enough to start a non profit once you retire...  , Btw, I actually can afford to quit a job for something bugging me enough., In fact, one person can fill several roles in a team, or even in the company, at different levels., As an example, you can see our company structure at HolacracyOne: although it's accurate to say that there are no job titles and no managers, there are clearly defined roles., There is quite a bit more to it than what you can read in the news article... in case you wanna learn more, we give a free webinar on Jan 9 that clarifies.
 , I'm talking low level, small team managment here, since that will realisticly be the best you can get as an entry position., And you will be amazed how well you can get along with those nerds, while your collegues are ripping their hair out., You can't go into it with the mindset of \""I want to get into upper managment\"", go into it with the mindset of \""I want to do a good job, and I want to learn\"", and you will be fine., You can't make ie to upper management or mid level management without a good team and learning from them., ""Well, since you rhetorically called me a 5 year old and an ass now, I think I can savely say, you are not the most diplomatic person either., Otherwise people will never respect you, and without respect, you can not do your job., I think the fact that UPS and Fed Ex can handle the logistics necessary to deal with the increase in holiday volume is amazing. ""
 , In all seriousness, the only thing I would say is I hope you see that you can't judge someone because they are different then you.
  , We are a highly focused and specialized team of investment, marketing, leasing and management professionals at your full disposal so you can focus on what matters most. ""
  , And can't beat about $17 for two day delivery for whatever I can cram into a pretty good sized box., And can't beat about $17 for two day delivery for whatever I can cram into a pretty good sized box., You can call at (914) 288-6023 and fax at (866) 314-9739., You can send mail at info@realpropertymgt.com., The company also offers XBRL taggingso that you can tag and categorize your data into different groups., Then specify that USPS \""You\"" to write to your senator/congressman to stop starving USPS so that the 200 year old institution started by Benjamin Franklin can survive.
 , ""Google wantrepreneur and see how much of those traits you can identify with and how to fix them., Oversaturated niches are often a great way to go if you can bring in higher quality product and/or lower prices., I can say from experience that the actual number that go missing is well below 0.2%.""
 , It's the same as First Class, they just charge more for it.. unless you have a very heavy shipment which can fit inside a flat-rate mailer, then it pays., But for Federal Reserve, they can screw up the economy, but anyone can do that, duel citizenship wouldn't matter. ""
  , But for Federal Reserve, they can screw up the economy, but anyone can do that, duel citizenship wouldn't matter. ""
  , That website/webpage should also be e-commerce-enabled/have an online store i.e. people can use their credit cards, Paypal accounts etc., You can read the many articles on how to get traffic to your site online and try doing it yourself if you have time and would like to learn different online marketing methods or get help from an internet marketing company., Yes they do offer services, but many of these you can find for free without ever having to pay., ""Small business (with the right relationships) is where people can show real growth, adaptation and knowledge., ""It makes me cringe to think that somewhere out there there are people working for basically slave wages so that Americans can have cheap hourglasses for our Boggle games.""
  , They don't (and probably can't) go after someone who refunds a paypal purchase., ""It can be that easy., A guy can have 100,000 sales and like 60 negatives in the last month and still have a 99.9% rating., I can't find the same toughness in shirts in stores as the shirts I buy from them,, "" You can look at historical incomes in China and the breakdown between rural pay and factory pay., When you can barely afford enough rice to eat, those factory jobs are a lifesaver., I never buy anything online unless I can make a purchase through paypal., That means a single worker can make 240+ an hour... if they profit 25 cents each, that means that worker is producing $60 an hour profit.
  , ""But a $1000 3D printer can print it for (almost) free in just 39 minutes., ""Yeah, and they can't breathe their air, eat their crops, or drink their water.]",1.0,[],,0.0
handle,3.0,"hold(Hold and Keep Verbs),",0.5,366,0.0,[],0.0,"[It's government run and designed to handle sudden shifts and changes., I think the fact that UPS and Fed Ex can handle the logistics necessary to deal with the increase in holiday volume is amazing. ""
 ]","shift(1),logistic(1),",2.0
write,6.0,"scribble(Image Creation Verbs),performance(Verbs of Creation and Transformation),",0.667,732,2.0,"[Then specify that USPS \""You\"" to write to your senator/congressman to stop starving USPS so that the 200 year old institution started by Benjamin Franklin can survive.
 , I know a bit about all this because I myself have been doing sales/marketing writing for over a decade now, writing for different online marketing firms as well, and my sincere suggestion to you would be to go for a marketing firm that has a track record of increasing online sales of their clients using best practices if you find marketing your site online yourself time-consuming and/or difficult.]",0.4,"[Anyone technical might write you off, if you make the comparison., to be fair, anyone technical will write you off as soon as you tell them you have a degree in marketing and managment...., Thing is, what I wrote should not make you feel bad.]","-PRON-(2),what(1),",3.0
produce,1.0,"create(Verbs of Creation and Transformation),performance(Verbs of Creation and Transformation),",1.0,122,0.0,[],0.0,"[That means a single worker can make 240+ an hour... if they profit 25 cents each, that means that worker is producing $60 an hour profit.
  ]","60(1),",1.0
grow,2.0,"build(Verbs of Creation and Transformation),grow(Verbs of Creation and Transformation),",,244,2.0,"[I grew to really hate them., My only advice, if you believe that you are the game changer you are trying to come across as, find a small business and stick with it for 4-5 years while it grows and has success.
  ]",1.0,[],,0.0
stress,1.0,"butter(Verbs of Putting),",1.0,122,0.0,[],0.0,"[Beyond how some people want to believe, government handles stresses a LOT better than private business.
 ]","lot(1),",1.0
refund,1.0,"give(Verbs of Change of Possession),",1.0,122,0.0,[],0.0,[They don't (and probably can't) go after someone who refunds a paypal purchase.],"purchase(1),",1.0
mail,1.0,"send(Verbs of Sending and Carrying),",1.0,122,0.0,[],0.0,"[The local USPS location where I mailed it from pretty much offered no help and left me on my own to figure out to threaten to file a claim.
 ]","-PRON-(1),",1.0
drop,2.0,"putting-in-specified-direction(Verbs of Putting),calibratable change-of-state(Verbs of Change of State),",0.5,244,0.0,[],0.0,"[More like laziness since UPS and Fedex drop them when they aren't using Smartpost.""
  , For example, mandatory $20/week \""pickup fees\"" even though I didn't need pickups, as I would drop off my shipping at my private mailbox place every day.]","shipping(1),-PRON-(1),",2.0
increase,3.0,"other change-of-state(Verbs of Change of State),calibratable change-of-state(Verbs of Change of State),",1.0,366,1.0,[The difference increases as the weight goes up.],0.5,"[I know a bit about all this because I myself have been doing sales/marketing writing for over a decade now, writing for different online marketing firms as well, and my sincere suggestion to you would be to go for a marketing firm that has a track record of increasing online sales of their clients using best practices if you find marketing your site online yourself time-consuming and/or difficult.]","sale(1),",1.0
turn,4.0,"turn(Verbs of Creation and Transformation),",0.5,488,1.0,"[The only thing that I would add is that over the next couple of decades as we see the price of \""higher education\"" balloon out of control people will be turning to real-world knowledge/application and certifications and away from \""college\"" as we know it today.""
 ]",0.3333333333333333,"[And third (there are many others), I think that being honest, having moral courage, and truthful will also help turn you into a leader that you ultimately want to be.
  , Would Mr Amos turn any applicant away?]","applicant(1),-PRON-(1),",2.0
place,1.0,"putting(Verbs of Putting),",1.0,122,0.0,[],0.0,[UPS does not know what is inside of the box outside of what you place as the declared value.],"what(1),",1.0
open,1.0,"other change-of-state(Verbs of Change of State),",1.0,122,0.0,[],0.0,"[Going to a big corporation it wouldn't matter if you are God, if they hire you to open the door for the janitor that's the cookie cutter you fit into.
 ]","door(1),",1.0
copy,2.0,"scribble(Image Creation Verbs),transcribe(Image Creation Verbs),",,244,1.0,"[They quickly changed their mind when the media ran stories of a bunch of people who had their cards copied.
  ]",1.0,[],,0.0
appreciate,1.0,"admire(Psych-Verbs),calibratable change-of-state(Verbs of Change of State),",,122,1.0,[(I also appreciate beeing told this way too)  ],1.0,[],,0.0
take,15.0,"steal(Verbs of Removing),bring/take(Verbs of Sending and Carrying),performance(Verbs of Creation and Transformation),",0.2,1830,4.0,"[""The are big enough and tough enough to take on TWC and Comcast.
 , Amazon used USPS for all my Prime deliveries for all thanksgiving and black Friday orders because UPS decided to take black Friday and the subsequent weekend off., These idiots decided to take black Friday off!, I needed the jerseys to take to south america, which has unreasonably high import tariffs, not to mention shipping would be additional $50 bones.]",0.2857142857142857,"[Practically everyone has to take time off of work to drive to their USPS office and pick up their packages while UPS and FedEx deliveries arrive with no issue., ""USPS took 8 days to deliver a 2 day overnight package to me very recently., You want to get into managment, so, take it as a feedback., should you take my comments as a personal attack.
  , ""If you sent it Priority Mail, it should take 2-3 business days.
  , ""We pride ourselves in taking care of our customers; whether it is a single bouquet, a vase from our gift shop or an entire weddings worth of flowers, it's our pleasure to work with you., ""They should take a full-page advt boasting their record and asking for Patriotic Americans to try out USPS. ""
 , I would take the bus to work., ""Because when a company takes money out of an employees check for unemployment it belongs to the employee even after they leave.
  , ""It probably takes a grand total of 15 seconds to hand assemble one of these things.]","day(2),total(1),time(1),money(1),comment(1),care(1),bus(1),advt(1),-PRON-(1),",10.0
destroy,2.0,"destroy(Destroy Verbs),",0.5,244,0.0,[],0.0,"[If* you were an evil agent of that country, bent on destroying the US, you'd just give up your citizenship to that country, technically, in order to serve your goals., They want to destroy all competition from thousands of miles away. ""
 ]","us(1),competition(1),",2.0
drive,2.0,"drive(Verbs of Sending and Carrying),",1.0,244,1.0,[Practically everyone has to take time off of work to drive to their USPS office and pick up their packages while UPS and FedEx deliveries arrive with no issue.],0.5,"[Understanding what drives a brand, and how to use the true customer experience (in-the-moment) will make good companies GREAT and GREAT companies EXCEPTIONAL!]","brand(1),",1.0
cheat,1.0,"cheat(Verbs of Removing),",,122,1.0,"[""The fucking chinese cheat so bad.]",1.0,[],,0.0
boggle,1.0,"amuse(Psych-Verbs),",,122,1.0,[To imagine a Chinese factory as a step up in their jobs economy is a bit mind boggling.],1.0,[],,0.0
get,57.0,"get(Verbs of Change of Possession),",0.238,6954,20.0,"[So, you are fresh out of collage, you have no idea what you want to do in real life, but you do know, that you want to get into upper managment., That does not speak well for your desire to get into upper managment., You want to get into managment, so, take it as a feedback., I'm talking low level, small team managment here, since that will realisticly be the best you can get as an entry position., And you will be amazed how well you can get along with those nerds, while your collegues are ripping their hair out., You can't go into it with the mindset of \""I want to get into upper managment\"", go into it with the mindset of \""I want to do a good job, and I want to learn\"", and you will be fine., To learn how to get where I want., ""Decide first if you want to get rich any old how, or if you want to create a startup that seeks to change the world., If you just want to get rich then I don't really have any advice for you, justget a job or watch Glengarry Glenross or something., ""And Folks, this is why I try to get my presents shipped a week earlier than Christmas or even sooner., ""Get fully licensed and insured limo hire in Manchester at Earls Limousines., ""It is a pyramid scheme because to make any money, you've got to sign other people up., Eventually, everyone I know that has gotten involved in WUN, finds out (on their own) that it is not a sustainable model for income, and they get out., Eventually, everyone I know that has gotten involved in WUN, finds out (on their own) that it is not a sustainable model for income, and they get out., In fact, if you put just as much effort into bettering yourself or into a real job, you'll make more and get more out of life., To get to the barn, you have to step in some shit., University education is failing our students and does not get them ready for professional life., ""I was reading an editorial in my local paper today, and it was very interesting how the editor thought that when the times get tough, the tough take to the couch.""
  , you gotta be real careful on ebay who you buy from., Don't get what you mean by your first sentence... ""
  ]",0.4878048780487805,"[FedEx Express, however, hires couriers that get an hourly rate, regardless of how many packages they deliver., And seriously, I work as an engineer, if I got you, or someone similar, as a supervisor or someone that I'd have to give answers to, I would flat out quit., Things happen, it's a busy season, and I get that., ""Here are some tips on how to get the longest life out of home or office carpeting. ""
  , Also, it's nice to get it out of the way""
  ""Certs are normally a post grad thing, just something I would focus on instead of an MBA.
 , ""
  ""USPS needs to get lobbyists, and also appeal to citizen's patriotism via a concerted small business campaign., ""Fantastic article, the author gets it!!, When will we get an OBamaLetMeLivETheLifeOfRichPeopleByStickingMyHandOut?""
  , So either be the former or get the latter.""
  , When you have such a website, you need to get lots of people to visit it (get traffic for the site)., When you have such a website, you need to get lots of people to visit it (get traffic for the site)., You can read the many articles on how to get traffic to your site online and try doing it yourself if you have time and would like to learn different online marketing methods or get help from an internet marketing company., You can read the many articles on how to get traffic to your site online and try doing it yourself if you have time and would like to learn different online marketing methods or get help from an internet marketing company., If you are hiring services of an online marketing firm, then you must ensure the internet marketing company you select uses best online marketing practices, not black-hat online marketing techniques or you will get your website penalized by Google - which will drastically decrease your chances of getting traffic to your website/e-store., If you are hiring services of an online marketing firm, then you must ensure the internet marketing company you select uses best online marketing practices, not black-hat online marketing techniques or you will get your website penalized by Google - which will drastically decrease your chances of getting traffic to your website/e-store., It will make money for you in the short term, but the amount of money made is nowhere near the effort you have to put in to get it., And this is why they literally get thousands of applicants for a few open positions.  , but i was afraid he might try something like this""
  ""Wait, where do you get American-made clothing?, The biggest difference for a Chinese factory worker is that they will often come from some rural area, get a job in a factory, and live in factory dorms., They also jump around from factory to factory, trying to get jobs at the places that pay the most and have the easiest work - just as all workers do., ""Influencing the exchange rate might be one of the places to start.""
  ""...and you'll get it in three months.""
  ]","-PRON-(5),traffic(4),job(2),help(2),thousand(1),that(1),rate(1),obamaletmelivethelifeofrichpeoplebystickingmyhandout(1),lobbyist(1),life(1),latter(1),clothing(1),",21.0
pay,20.0,"give(Verbs of Change of Possession),",0.143,2440,6.0,"[It's the same as First Class, they just charge more for it.. unless you have a very heavy shipment which can fit inside a flat-rate mailer, then it pays., ""Correct, a percentage of their wages paid contribute to unemployment, though they may pay higher if a large percentage of their workers become unemployed.""
 , ""Correct, a percentage of their wages paid contribute to unemployment, though they may pay higher if a large percentage of their workers become unemployed.""
 , Yes they do offer services, but many of these you can find for free without ever having to pay., already we settled on only having to pay for half the order., In fact, many of the workers who have these factory jobs pay enough not just to provide for themselves, but also for their extended families.]",0.46153846153846156,"[""I'd almost be willing to pay more to avoid the junk mail, Saying that the Chinese are working for \""slave wages\"" is akin to saying that Americans are working for \""slave wages\"" because factory work in Norway pays $40/hour minimum., A factory job pays _a multiple_ of what farm work they would otherwise be doing pays., ""A debt collection agency goes after those who don't pay credit..., 80% of what you pay for items goes to the middle men who shuffle the crap from factory to your door., If they don't pay their rent, I'll need it to ruin their credit. ""
  , They also jump around from factory to factory, trying to get jobs at the places that pay the most and have the easiest work - just as all workers do.]","what(1),rent(1),most(1),more(1),minimum(1),credit(1),_(1),",7.0
check,2.0,"peer(Verbs of Perception),search(Verbs of Searching),",1.0,244,1.0,"[""Because when a company takes money out of an employees check for unemployment it belongs to the employee even after they leave.
  ]",0.5,"[""Yeah seriously check my post history.]","history(1),",1.0
pad,1.0,"fill(Verbs of Putting),",1.0,122,0.0,[],0.0,"[Small, high-value packages: most orders in a 7x5x2 inch padded envelope weighing circa 1-3 ounces.]","ounce(1),",1.0
read,9.0,"learn(Learn Verbs),",0.286,1098,1.0,"[After you watch it, read the film updates/etc.]",0.125,"[There is quite a bit more to it than what you can read in the news article... in case you wanna learn more, we give a free webinar on Jan 9 that clarifies.
 , I only have what I read in this thread to go on., *But** ... if you want to create a startup, read Paul Graham's treasure trove of past blog posts., In particular read this as a one time successful founder onto my second startup)., You can read the many articles on how to get traffic to your site online and try doing it yourself if you have time and would like to learn different online marketing methods or get help from an internet marketing company., ""I was reading an editorial in my local paper today, and it was very interesting how the editor thought that when the times get tough, the tough take to the couch.""
  , I have read hundreds of articles on it and have yet to hear one.""
  ]","what(2),trove(1),this(1),hundred(1),editorial(1),article(1),",7.0
respect,3.0,"admire(Psych-Verbs),",1.0,366,0.0,[],0.0,"[Otherwise people will never respect you, and without respect, you can not do your job.]","-PRON-(1),",1.0
assemble,2.0,"build(Verbs of Creation and Transformation),",0.5,244,0.0,[],0.0,"[""We've assembled the brightest and most qualified team of  team of healthcare real estate professionals to provide unparalleled service to the physicians, healthcare executives and investors who serve the healthcare needs of residents of Florida. ""
  , ""It probably takes a grand total of 15 seconds to hand assemble one of these things.]","team(1),one(1),",2.0
throw,1.0,"throw(Verbs of Throwing),amuse(Psych-Verbs),",1.0,122,0.0,[],0.0,"[Throwing arround phrases like that is the epitome of an empty suit. ""
  ]","phrase(1),",1.0
pull,1.0,"carry(Verbs of Sending and Carrying),push/pull(Verbs of Exerting Force: Push/Pull Verbs),get(Verbs of Change of Possession),",1.0,122,0.0,[],0.0,[Seeing as how I don't work with you I don't have to pull punches or try to manage you.],"punch(1),",1.0
hire,5.0,"get(Verbs of Change of Possession),",0.4,610,0.0,[],0.0,"[FedEx Express, however, hires couriers that get an hourly rate, regardless of how many packages they deliver., USPS should hire a lobbyist and also publicity to blitz advertise on their excellent record and to ask \""patriotic\"" Americans to utilize USPS.""
 , If you are hiring services of an online marketing firm, then you must ensure the internet marketing company you select uses best online marketing practices, not black-hat online marketing techniques or you will get your website penalized by Google - which will drastically decrease your chances of getting traffic to your website/e-store., Going to a big corporation it wouldn't matter if you are God, if they hire you to open the door for the janitor that's the cookie cutter you fit into.
 , I didn't hire her.""
 ]","-PRON-(2),service(1),lobbyist(1),courier(1),",5.0
grasp,1.0,"hold(Hold and Keep Verbs),",1.0,122,0.0,[],0.0,"[So no, I do not presume to grasp you as a person.]","-PRON-(1),",1.0
file,2.0,"pocket(Verbs of Putting),wipe(Verbs of Removing),carve(Verbs of Cutting),",0.5,244,0.0,[],0.0,"[The local USPS location where I mailed it from pretty much offered no help and left me on my own to figure out to threaten to file a claim.
 , I filed a complaint with paypal and they sided with me and issued an immediate refund for the entire order.]","complaint(1),claim(1),",2.0
fill,4.0,"fill(Verbs of Putting),other change-of-state(Verbs of Change of State),",0.5,488,0.0,[],0.0,"[In fact, one person can fill several roles in a team, or even in the company, at different levels., They want you to fill out surveys and give them good ratings.]","survey(1),role(1),",2.0
reimburse,1.0,"contribute(Verbs of Change of Possession),",1.0,122,0.0,[],0.0,"[Certifications are the key, most top notch firms will reimburse you for passing them which is highly valuable. ""
  ]","-PRON-(1),",1.0
follow,1.0,"chase(Verbs of Motion),",,122,1.0,"[""It doesn't mean they follow through on it.]",1.0,[],,0.0
fall,2.0,"calibratable change-of-state(Verbs of Change of State),",,244,1.0,"[""obviouse add, don't fall for it, the company pushed looks a bit scamy as well.""
 ]",1.0,[],,0.0
issue,1.0,"fulfilling(Verbs of Change of Possession),",1.0,122,0.0,[],0.0,[I filed a complaint with paypal and they sided with me and issued an immediate refund for the entire order.],"refund(1),",1.0
design,2.0,"create(Verbs of Creation and Transformation),",,244,1.0,[It's government run and designed to handle sudden shifts and changes.],1.0,[],,0.0
pass,1.0,"send(Verbs of Sending and Carrying),give(Verbs of Change of Possession),throw(Verbs of Throwing),",1.0,122,0.0,[],0.0,"[Certifications are the key, most top notch firms will reimburse you for passing them which is highly valuable. ""
  ]","-PRON-(1),",1.0
pick,5.0,"get(Verbs of Change of Possession),chew(Verbs of Ingesting),",0.333,610,1.0,[I don't think Fedex or UPS offer Amazon the ability to pick up and deliver on the same day like the couriers do which I suspect is what sparked their move to break away from a UPS-only contract and move to multiple carriers.],0.25,"[Practically everyone has to take time off of work to drive to their USPS office and pick up their packages while UPS and FedEx deliveries arrive with no issue., I cancel every order that comes through via USPS Smartpost because I don't want to waste my lunch break to pick up a $5 order.""
 , pick your best idea or two and see which one delivers the most response.]","package(1),order(1),idea(1),",3.0
put,7.0,"putting(Verbs of Putting),",0.25,854,1.0,"[It will make money for you in the short term, but the amount of money made is nowhere near the effort you have to put in to get it.]",0.2,"[I work at UPS and we put high priority on postal because it's a huge government contract""
 , In fact, if you put just as much effort into bettering yourself or into a real job, you'll make more and get more out of life., ""They need a social security number for any of the credit agencies to be able to put it on your credit profile., They save up enough money to buy houses back home, put their kids through university, etc.]","priority(1),kid(1),effort(1),-PRON-(1),",4.0
select,1.0,"obtain(Verbs of Change of Possession),",,122,1.0,"[If you are hiring services of an online marketing firm, then you must ensure the internet marketing company you select uses best online marketing practices, not black-hat online marketing techniques or you will get your website penalized by Google - which will drastically decrease your chances of getting traffic to your website/e-store.]",1.0,[],,0.0
stick,3.0,"spray/load(Verbs of Putting),poke(Poke Verbs),",,366,3.0,"[I'm sticking with FedEx for now. ""
 , I think I will stick to clipping coupons.""
 , My only advice, if you believe that you are the game changer you are trying to come across as, find a small business and stick with it for 4-5 years while it grows and has success.
  ]",1.0,[],,0.0
learn,6.0,"learn(Learn Verbs),",0.667,732,3.0,"[You can't make ie to upper management or mid level management without a good team and learning from them., To learn how to get where I want., ""I watch this sub to learn about business to avoid just that.]",0.5,"[There is quite a bit more to it than what you can read in the news article... in case you wanna learn more, we give a free webinar on Jan 9 that clarifies.
 , You can read the many articles on how to get traffic to your site online and try doing it yourself if you have time and would like to learn different online marketing methods or get help from an internet marketing company., I'd love to learn more.]","more(2),method(1),",3.0
boycott,1.0,"avoid(Avoid Verbs),",1.0,122,0.0,[],0.0,"[I'm going to boycott all human-run businesses!""
  ]","business(1),",1.0
feed,2.0,"give(Verbs of Change of Possession),feeding(Verbs of Ingesting),",0.5,244,0.0,[],0.0,"[And they have mega-cafeterias that feed 10,000 workers/hour and dorms that house those 100,000 workers., ""Or maybe the US and EU should wise up and start subsidizing international shipping costs, as it would directly feed the economy.""
 ]","worker(1),economy(1),",2.0
return,1.0,"send(Verbs of Sending and Carrying),contribute(Verbs of Change of Possession),",1.0,122,0.0,[],0.0,[They regularly lose mail i send out at work and return mail saying the address is bad when its not.],"mail(1),",1.0
house,1.0,"pocket(Verbs of Putting),",1.0,122,0.0,[],0.0,"[And they have mega-cafeterias that feed 10,000 workers/hour and dorms that house those 100,000 workers.]","worker(1),",1.0
print,2.0,"scribble(Image Creation Verbs),",1.0,244,1.0,"[If those of you who downvoted me understood that I was being sarcastic, please give me a compelling case for consumer 3D printing being a disruptive technology.]",0.5,"[""But a $1000 3D printer can print it for (almost) free in just 39 minutes.]","-PRON-(1),",1.0
feel,6.0,"see(Verbs of Perception),stimulus-subject perception(Verbs of Perception),hunt(Verbs of Searching),",,732,3.0,"[Thing is, what I wrote should not make you feel bad., ""You didn't make me feel bad or hurt my feelings., As long as I generally don't need to visit an actual brickmortar post office itself, which feels akin to perhaps buying a loaf of bread in the former Soviet Union, all is well.]",1.0,[],,0.0
miss,3.0,"admire(Psych-Verbs),",,366,2.0,"[If you ship 1000 orders you would need at least 2 of them to go missing to recoup your cost., I can say from experience that the actual number that go missing is well below 0.2%.""
 ]",1.0,[],,0.0
sign,5.0,"image-impression(Image Creation Verbs),",1.0,610,3.0,"[The more people you sign up and the more people they sign up, the more money you make., The more people you sign up and the more people they sign up, the more money you make., And also many of these will go unused by the people that sign up.]",0.6,"[""It is a pyramid scheme because to make any money, you've got to sign other people up., To make more money, they have to sign people up.]","people(2),",2.0
double,1.0,"other change-of-state(Verbs of Change of State),other change-of-state(Verbs of Change of State),",1.0,122,0.0,[],0.0,[China is the only country in modern history to double their per capita income in only 1 generation - in large part thanks to this migration from subsistence farming to factory work.],"income(1),",1.0
build,2.0,"build(Verbs of Creation and Transformation),",0.5,244,0.0,[],0.0,"[""pretty common practice to build seller rating""
 Aside from the general psychological effect of making the seller more appealing/trustworthy to buyers, are there any concrete benefits of such a practice, such as a ranking boost akin to search engine optimization for example?, They might just be using it to build reputation, or even liquidating an over supply.]","reputation(1),rating(1),",2.0
play,2.0,"performance(Verbs of Creation and Transformation),",1.0,244,1.0,[They're fucking economic cheaters and they don't play fair at all.],0.5,"[anyways, after responding to his, \""I'm gonna fuck up your life\"" with my own \""I'm gonna fuck up your life\"", he was more motivated to play ball.]","ball(1),",1.0
reach,1.0,"get(Verbs of Change of Possession),",1.0,122,0.0,[],0.0,[It is to manage the experts in a way that allows a company to reach its goals.],"goal(1),",1.0
bug,1.0,"amuse(Psych-Verbs),",1.0,122,0.0,[],0.0,"[Btw, I actually can afford to quit a job for something bugging me enough.]","-PRON-(1),",1.0
clear,1.0,"clear(Verbs of Removing),preparing(Verbs of Creation and Transformation),other change-of-state(Verbs of Change of State),",1.0,122,0.0,[],0.0,"[Were they just trying to clear up inventory space?""
 ]","space(1),",1.0
find,15.0,"get(Verbs of Change of Possession),",0.25,1830,4.0,"[You should definitely find that impressive., I know a bit about all this because I myself have been doing sales/marketing writing for over a decade now, writing for different online marketing firms as well, and my sincere suggestion to you would be to go for a marketing firm that has a track record of increasing online sales of their clients using best practices if you find marketing your site online yourself time-consuming and/or difficult., Yes they do offer services, but many of these you can find for free without ever having to pay., Eventually, everyone I know that has gotten involved in WUN, finds out (on their own) that it is not a sustainable model for income, and they get out.]",0.3333333333333333,"[You have no practical skills, since your degrees are not, not .... let me try to find a kind discription here...., You also need to find a way to make it work., Log on to Arkk Solutions website and find out more about managing ixbrl accounts through us.  , find something you enjoy., find a way to improve it for one person., We help you find the right office solution in cities like New York  Toronto.""
 , My only advice, if you believe that you are the game changer you are trying to come across as, find a small business and stick with it for 4-5 years while it grows and has success.
  , I can't find the same toughness in shirts in stores as the shirts I buy from them,]","way(2),toughness(1),something(1),solution(1),more(1),discription(1),business(1),",8.0
ruin,2.0,"destroy(Destroy Verbs),",1.0,244,0.0,[],0.0,"[That's enough for them to smash your credit""
 Otherwise jilted lovers and pranksters could easily ruin people's credit willy-nilly.
 , If they don't pay their rent, I'll need it to ruin their credit. ""
  ]","credit(2),",2.0
set,2.0,"putting(Verbs of Putting),spray/load(Verbs of Putting),image-impression(Image Creation Verbs),preparing(Verbs of Creation and Transformation),",1.0,244,0.0,[],0.0,"[""
  ""a great way to test market demand is to set up a \""billboard\"" webpage (with email registration), and launch a very cheap (less than $5.00 per day for one month days)]","webpage(1),",1.0
bark,1.0,"pit(Verbs of Removing),",,122,1.0,"[I do not have enough time to bark in the dark at the USPS who delivers consistently lousy service.
  ]",1.0,[],,0.0
consume,1.0,"devour(Verbs of Ingesting),",,122,1.0,"[I know a bit about all this because I myself have been doing sales/marketing writing for over a decade now, writing for different online marketing firms as well, and my sincere suggestion to you would be to go for a marketing firm that has a track record of increasing online sales of their clients using best practices if you find marketing your site online yourself time-consuming and/or difficult.]",1.0,[],,0.0
supply,1.0,"fulfilling(Verbs of Change of Possession),",1.0,122,0.0,[],0.0,"[""They supply benefits to consumers and sellers alike]","benefit(1),",1.0
create,3.0,"create(Verbs of Creation and Transformation),",1.0,366,0.0,[],0.0,"[""Decide first if you want to get rich any old how, or if you want to create a startup that seeks to change the world., *But** ... if you want to create a startup, read Paul Graham's treasure trove of past blog posts.]","startup(2),",2.0
threaten,2.0,"amuse(Psych-Verbs),",,244,2.0,"[The local USPS location where I mailed it from pretty much offered no help and left me on my own to figure out to threaten to file a claim.
 , however this is the clever part, those fucking chinese bastards threatened to smash my credit by sending my info to a collection agency.]",1.0,[],,0.0
advertise,1.0,"search(Verbs of Searching),",1.0,122,0.0,[],0.0,"[Kinda weird side-effect to inadvertently advertise his business.
 ]","business(1),",1.0
look,5.0,"peer(Verbs of Perception),stimulus-subject perception(Verbs of Perception),rummage(Verbs of Searching),",,610,4.0,"[""obviouse add, don't fall for it, the company pushed looks a bit scamy as well.""
 , Looking forward to see where you go!!, "" You can look at historical incomes in China and the breakdown between rural pay and factory pay., It looks like it will be [streaming online again in about 1  It talks about the social costs involved.]",1.0,[],,0.0
rip,4.0,"break(Verbs of Change of State),",1.0,488,1.0,"[they just last longer and don't rip/wear out fast.
 ]",0.5,"[And you will be amazed how well you can get along with those nerds, while your collegues are ripping their hair out.]","hair(1),",1.0
seek,1.0,"ferret(Verbs of Searching),",,122,1.0,"[""Decide first if you want to get rich any old how, or if you want to create a startup that seeks to change the world.]",1.0,[],,0.0
sell,9.0,"give(Verbs of Change of Possession),",0.167,1098,1.0,"[""
 I worked for a retailer that had an eBay store and we sold like 20% of items at a small loss or no profit. ""
  ]",0.14285714285714285,"[""Motonews.ru -   ,      ,   , ,      ""[How to Make Money on YouTube by Selling Your ""[How to Make Money Online through Affiliate, ""The obvious strategy to sell anything online is to have a catchy online presence such as a website/webpage made., to purchase whatever the website is selling., the best was when this company selling fake goods shipped me a jersey 2 months late, and tried to blame it on Hurricane Sandy, even though the hurricane was before I ordered., ""I buy through the United Steelworker's online clothes shop, which guarantees to only sell union-American made products., [If You Think Chinas Air Is ""Also, sometimes buyers sell dollar items just to boost their ratings.]","whatev(1),make(1),item(1),good(1),anything(1),-PRON-(1),",6.0
run,2.0,"preparing(Verbs of Creation and Transformation),",1.0,244,1.0,"[They scheduled me on Sunday mornings which I would have been happy to oblige but there was no bus running at that time (either Sunday or that early, I don't remember).
  ]",0.5,"[They quickly changed their mind when the media ran stories of a bunch of people who had their cards copied.
  ]","story(1),",1.0
manufacture,3.0,"create(Verbs of Creation and Transformation),",,366,1.0,"[Also, most Americans have a hugely inflated opinion of what items actually cost to manufacture...]",1.0,[],,0.0
send,8.0,"send(Verbs of Sending and Carrying),",0.5,976,1.0,[They regularly lose mail i send out at work and return mail saying the address is bad when its not.],0.2,"[I tried to send a package into Queens, NY last summer., ""If you sent it Priority Mail, it should take 2-3 business days.
  , You can send mail at info@realpropertymgt.com., however this is the clever part, those fucking chinese bastards threatened to smash my credit by sending my info to a collection agency.]","mail(2),package(1),info(1),",4.0
try,15.0,"amuse(Psych-Verbs),",0.333,1830,12.0,"[You have no practical skills, since your degrees are not, not .... let me try to find a kind discription here...., Seeing as how I don't work with you I don't have to pull punches or try to manage you., ""And Folks, this is why I try to get my presents shipped a week earlier than Christmas or even sooner., I tried to send a package into Queens, NY last summer., i am just saying, spamming worked for zuckerberg -- who was simply trying to crete an \""online yearbook\"", reference to my opinion about \""higher education\"": it only makes sense if it's essentially free, as it should be.), You can read the many articles on how to get traffic to your site online and try doing it yourself if you have time and would like to learn different online marketing methods or get help from an internet marketing company., My only advice, if you believe that you are the game changer you are trying to come across as, find a small business and stick with it for 4-5 years while it grows and has success.
  , the best was when this company selling fake goods shipped me a jersey 2 months late, and tried to blame it on Hurricane Sandy, even though the hurricane was before I ordered., yea right...then tried offering me a 10% discount...yea right...., Were they just trying to clear up inventory space?""
 , Please try to do your part to stop the spread of this contagion., They also jump around from factory to factory, trying to get jobs at the places that pay the most and have the easiest work - just as all workers do.]",0.8,"[""
  ""Let me try a different approach...  , ""They should take a full-page advt boasting their record and asking for Patriotic Americans to try out USPS. ""
 , but i was afraid he might try something like this""
  ""Wait, where do you get American-made clothing?]","usps(1),something(1),approach(1),",3.0
blitz,1.0,"destroy(Destroy Verbs),",,122,1.0,"[USPS should hire a lobbyist and also publicity to blitz advertise on their excellent record and to ask \""patriotic\"" Americans to utilize USPS.""
 ]",1.0,[],,0.0
jump,1.0,"calibratable change-of-state(Verbs of Change of State),",,122,1.0,"[They also jump around from factory to factory, trying to get jobs at the places that pay the most and have the easiest work - just as all workers do.]",1.0,[],,0.0
win,1.0,"get(Verbs of Change of Possession),",1.0,122,0.0,[],0.0,"[And you do not win the respect of people like me, by being close to 30, beeing a wanna be top level executive, with NOTHING to show for.]","respect(1),",1.0
decrease,1.0,"other change-of-state(Verbs of Change of State),calibratable change-of-state(Verbs of Change of State),",1.0,122,0.0,[],0.0,"[If you are hiring services of an online marketing firm, then you must ensure the internet marketing company you select uses best online marketing practices, not black-hat online marketing techniques or you will get your website penalized by Google - which will drastically decrease your chances of getting traffic to your website/e-store.]","chance(1),",1.0
cram,1.0,"spray/load(Verbs of Putting),learn(Learn Verbs),",1.0,122,0.0,[],0.0,[And can't beat about $17 for two day delivery for whatever I can cram into a pretty good sized box.],"whatev(1),",1.0
tag,1.0,"butter(Verbs of Putting),illustrate(Image Creation Verbs),",1.0,122,0.0,[],0.0,[The company also offers XBRL taggingso that you can tag and categorize your data into different groups.],"that(1),",1.0
bend,1.0,"knead(Verbs of Creation and Transformation),bend(Verbs of Change of State),",,122,1.0,"[If* you were an evil agent of that country, bent on destroying the US, you'd just give up your citizenship to that country, technically, in order to serve your goals.]",1.0,[],,0.0
move,1.0,"slide(Verbs of Sending and Carrying),amuse(Psych-Verbs),",,122,1.0,[I don't think Fedex or UPS offer Amazon the ability to pick up and deliver on the same day like the couriers do which I suspect is what sparked their move to break away from a UPS-only contract and move to multiple carriers.],1.0,[],,0.0
keep,3.0,"get(Verbs of Change of Possession),keep(Hold and Keep Verbs),",1.0,366,1.0,[keep improving whatever it is you are doing.],0.5,"[WUN is just a ridiculous short term pyramid scheme that just happens to have a somewhat legitimate side to keep the authorities away.""
  ]","authority(1),",1.0
see,16.0,"see(Verbs of Perception),",0.167,1952,9.0,"[Maybe then you might see why I have nothing to show for it., Seeing as how I don't work with you I don't have to pull punches or try to manage you., pick your best idea or two and see which one delivers the most response., In all seriousness, the only thing I would say is I hope you see that you can't judge someone because they are different then you.
  , ""Google wantrepreneur and see how much of those traits you can identify with and how to fix them., Looking forward to see where you go!!, Since workers do the work in business I don't see how this is tangential to business at all.""
  , My guess would be to go apply for a credit card, or do a credit check and see if something comes up., I don't see any other country subsidising purchases by foreign nationals like this.]",0.6,"[but well, you see my point., As an example, you can see our company structure at HolacracyOne: although it's accurate to say that there are no job titles and no managers, there are clearly defined roles., ""If the business owner in this situation had seen a post like this, they might have known better than to fight this type of claim specifically, and generally had an epiphany about the importance of being considerate and accommodating of workers' basic needs., ""As a former farm kid that has seen a lot of success, let me make a farm analogy for you., The only thing that I would add is that over the next couple of decades as we see the price of \""higher education\"" balloon out of control people will be turning to real-world knowledge/application and certifications and away from \""college\"" as we know it today.""
 , I saw them myself in several African countries.
  ]","structure(1),price(1),post(1),point(1),lot(1),-PRON-(1),",6.0
clip,1.0,"cut(Verbs of Cutting),",1.0,122,0.0,[],0.0,"[I think I will stick to clipping coupons.""
 ]","coupon(1),",1.0
bring,2.0,"bring/take(Verbs of Sending and Carrying),",1.0,244,0.0,[],0.0,[Oversaturated niches are often a great way to go if you can bring in higher quality product and/or lower prices.],"product(1),",1.0
beat,1.0,"hit(Verbs of Contact by Impact),knead(Verbs of Creation and Transformation),sound emission(Verbs of Emission),",1.0,122,0.0,[],0.0,[And can't beat about $17 for two day delivery for whatever I can cram into a pretty good sized box.],"17(1),",1.0
deliver,7.0,"send(Verbs of Sending and Carrying),",0.5,854,1.0,[I don't think Fedex or UPS offer Amazon the ability to pick up and deliver on the same day like the couriers do which I suspect is what sparked their move to break away from a UPS-only contract and move to multiple carriers.],0.14285714285714285,"[FedEx Express, however, hires couriers that get an hourly rate, regardless of how many packages they deliver., The only delivery service that really fails to deliver the packages to me.  , ""USPS took 8 days to deliver a 2 day overnight package to me very recently., I do not have enough time to bark in the dark at the USPS who delivers consistently lousy service.
  , pick your best idea or two and see which one delivers the most response., They claim they attempted to deliver it.]","package(3),service(1),response(1),-PRON-(1),",6.0
waste,1.0,"destroy(Destroy Verbs),",1.0,122,0.0,[],0.0,"[I cancel every order that comes through via USPS Smartpost because I don't want to waste my lunch break to pick up a $5 order.""
 ]","break(1),",1.0
balloon,1.0,"calibratable change-of-state(Verbs of Change of State),",,122,1.0,"[The only thing that I would add is that over the next couple of decades as we see the price of \""higher education\"" balloon out of control people will be turning to real-world knowledge/application and certifications and away from \""college\"" as we know it today.""
 ]",1.0,[],,0.0
drink,1.0,"eat(Verbs of Ingesting),",1.0,122,0.0,[],0.0,"[""Yeah, and they can't breathe their air, eat their crops, or drink their water.]","water(1),",1.0
smash,4.0,"throw(Verbs of Throwing),hit(Verbs of Contact by Impact),non-agentive impact(Verbs of Contact by Impact),break(Verbs of Change of State),",1.0,488,0.0,[],0.0,"[however this is the clever part, those fucking chinese bastards threatened to smash my credit by sending my info to a collection agency., That's enough for them to smash your credit""
 Otherwise jilted lovers and pranksters could easily ruin people's credit willy-nilly.
 ]","credit(2),",2.0
like,4.0,"admire(Psych-Verbs),",1.0,488,2.0,"[I would really like to know why this happens.
 , You can read the many articles on how to get traffic to your site online and try doing it yourself if you have time and would like to learn different online marketing methods or get help from an internet marketing company.]",0.6666666666666666,[I think you will like it.],"-PRON-(1),",1.0
lead,2.0,"accompany(Verbs of Motion),",1.0,244,1.0,[Amazon was processing almost 500 orders PER SECOND the week leading up to Christmas.],0.5,"[And this isn't the first cross-over of a central banker -- Mark Carney, former head of Bank of Canada, now leads Bank of England.]","bank(1),",1.0
avoid,3.0,"avoid(Avoid Verbs),",0.5,366,0.0,[],0.0,"[""I'd almost be willing to pay more to avoid the junk mail, ""I watch this sub to learn about business to avoid just that.]","that(1),mail(1),",2.0
buy,16.0,"get(Verbs of Change of Possession),",0.455,1952,5.0,"[So I usually buy Union mad American made goods., you gotta be real careful on ebay who you buy from., ""I buy through the United Steelworker's online clothes shop, which guarantees to only sell union-American made products., I can't find the same toughness in shirts in stores as the shirts I buy from them,, Any time you buy on credit, you need to give the lender your SS for this reason.]",0.3125,"[Not buying that regulatory concerns are the only thing at play here.""
  , As long as I generally don't need to visit an actual brickmortar post office itself, which feels akin to perhaps buying a loaf of bread in the former Soviet Union, all is well., ""I buy lots of stuff off eBay, so that maybe a place to start. ""
 , ""This isn't much different than buying pretty much anything from stores like Walmart, except that it is less efficient., ever since then I refuse to buy anything from China., ""
 Should I refuse to buy anything from Florida?, Maybe refuse to buy anything American?, You're not giving best buy your ssn when you buy a 5K tv, You're not giving best buy your ssn when you buy a 5K tv, They save up enough money to buy houses back home, put their kids through university, etc., I never buy anything online unless I can make a purchase through paypal.]","anything(5),tv(2),lot(1),loaf(1),house(1),concern(1),",11.0
gain,1.0,"get(Verbs of Change of Possession),calibratable change-of-state(Verbs of Change of State),",1.0,122,0.0,[],0.0,"[Second, you must gain the trust and confidence of those who are senior to you in the organization that you work in.]","trust(1),",1.0
eat,2.0,"eat(Verbs of Ingesting),",1.0,244,1.0,"[When you can barely afford enough rice to eat, those factory jobs are a lifesaver.]",0.5,"[""Yeah, and they can't breathe their air, eat their crops, or drink their water.]","crop(1),",1.0
flip,1.0,"throw(Verbs of Throwing),",1.0,122,0.0,[],0.0,[Sometimes I think they just flip a coin to decide what to do.],"coin(1),",1.0
